{
  "h0": 3.15625E+8,
  "xi_0_sl": [
    3.4125E+8,
    3.9609375E+8,
    0,
    4.4484375E+8
  ],
  "xi_inf_sl": [
    2.085625E+8,
    5.5078125E+8,
    0,
    1.25578125E+9
  ]
}