{
  "h0": 2.4890910376013613E+8,
  "xi_0_sl": [
    3.7481994814914173E+8,
    4.3505886838739669E+8,
    0,
    4.8860457526584548E+8
  ],
  "xi_inf_sl": [
    5.5495707675724471E+8,
    1.4655556604504702E+9,
    0,
    3.3414669058270721E+9
  ]
}